<?xml version="1.0" encoding="UTF-8"?>
<project-private xmlns="http://www.netbeans.org/ns/project-private/1">
    <editor-bookmarks xmlns="http://www.netbeans.org/ns/editor-bookmarks/2" lastBookmarkId="0"/>
    <open-files xmlns="http://www.netbeans.org/ns/projectui-open-files/2">
        <group>
            <file>file:/C:/Users/Nacho/Desktop/Proyecto/WhiteFlash/Codigo%20App/Proyecto/src/controller/Usuario.java</file>
            <file>file:/C:/Users/Nacho/Desktop/Proyecto/WhiteFlash/Codigo%20App/Proyecto/src/model/DBUtil.java</file>
            <file>file:/C:/Users/Nacho/Desktop/Proyecto/WhiteFlash/Codigo%20App/Proyecto/src/controller/Main_funciones.java</file>
            <file>file:/C:/Users/Nacho/Desktop/Proyecto/WhiteFlash/Codigo%20App/Proyecto/src/model/PaisModel.java</file>
            <file>file:/C:/Users/Nacho/Desktop/Proyecto/WhiteFlash/Codigo%20App/Proyecto/src/controller/FXMLInicioSesionController.java</file>
            <file>file:/C:/Users/Nacho/Desktop/Proyecto/WhiteFlash/Codigo%20App/Proyecto/src/model/UsuarioModel.java</file>
            <file>file:/C:/Users/Nacho/Desktop/Proyecto/WhiteFlash/Codigo%20App/Proyecto/src/controller/FXMLRegistroController.java</file>
        </group>
    </open-files>
</project-private>
